bit,group,layer,unprotected,protected
26,attention,vit.layers.7.attention.q_proj,0.981,0.983
26,mlp,vit.layers.7.mlp.fc1,0.982,0.983
26,attention,vit.layers.8.attention.q_proj,0.983,0.983
26,mlp,vit.layers.3.mlp.fc1,0.976,0.983
26,attention,vit.layers.8.attention.q_proj,0.981,0.983
26,mlp,vit.layers.10.mlp.fc1,0.983,0.983
26,attention,vit.layers.2.attention.o_proj,0.333,0.983
26,mlp,vit.layers.7.mlp.fc1,0.972,0.983
26,attention,vit.layers.2.attention.k_proj,0.976,0.982
26,mlp,vit.layers.8.mlp.fc2,0.881,0.982
30,attention,vit.layers.10.attention.q_proj,0.1,0.983
30,mlp,vit.layers.9.mlp.fc2,0.1,0.983
30,attention,vit.layers.7.attention.q_proj,0.1,0.983
30,mlp,vit.layers.11.mlp.fc2,0.1,0.983
30,attention,vit.layers.10.attention.k_proj,0.1,0.983
30,mlp,vit.layers.9.mlp.fc2,0.1,0.983
30,attention,vit.layers.8.attention.k_proj,0.1,0.983
30,mlp,vit.layers.0.mlp.fc2,0.127,0.982
30,attention,vit.layers.3.attention.q_proj,0.1,0.983
30,mlp,vit.layers.9.mlp.fc2,0.1,0.983
