bit,group,acc,nan
0,attention,0.983,0.0
0,mlp,0.983,0.0
0,attention,0.983,0.0
1,attention,0.983,0.0
1,mlp,0.983,0.0
1,attention,0.983,0.0
2,attention,0.983,0.0
2,mlp,0.983,0.0
2,attention,0.983,0.0
3,attention,0.983,0.0
3,mlp,0.983,0.0
3,attention,0.983,0.0
4,attention,0.983,0.0
4,mlp,0.983,0.0
4,attention,0.983,0.0
5,attention,0.983,0.0
5,mlp,0.983,0.0
5,attention,0.983,0.0
6,attention,0.983,0.0
6,mlp,0.983,0.0
6,attention,0.983,0.0
7,attention,0.983,0.0
7,mlp,0.983,0.0
7,attention,0.983,0.0
8,attention,0.983,0.0
8,mlp,0.983,0.0
8,attention,0.983,0.0
9,attention,0.983,0.0
9,mlp,0.983,0.0
9,attention,0.983,0.0
10,attention,0.983,0.0
10,mlp,0.983,0.0
10,attention,0.983,0.0
11,attention,0.983,0.0
11,mlp,0.983,0.0
11,attention,0.983,0.0
12,attention,0.983,0.0
12,mlp,0.983,0.0
12,attention,0.983,0.0
13,attention,0.983,0.0
13,mlp,0.983,0.0
13,attention,0.983,0.0
14,attention,0.983,0.0
14,mlp,0.983,0.0
14,attention,0.983,0.0
15,attention,0.983,0.0
15,mlp,0.983,0.0
15,attention,0.983,0.0
16,attention,0.983,0.0
16,mlp,0.983,0.0
16,attention,0.983,0.0
17,attention,0.983,0.0
17,mlp,0.983,0.0
17,attention,0.983,0.0
18,attention,0.983,0.0
18,mlp,0.983,0.0
18,attention,0.983,0.0
19,attention,0.983,0.0
19,mlp,0.983,0.0
19,attention,0.983,0.0
20,attention,0.983,0.0
20,mlp,0.983,0.0
20,attention,0.983,0.0
21,attention,0.983,0.0
21,mlp,0.983,0.0
21,attention,0.983,0.0
22,attention,0.983,0.0
22,mlp,0.983,0.0
22,attention,0.983,0.0
23,attention,0.983,0.0
23,mlp,0.983,0.0
23,attention,0.983,0.0
24,attention,0.983,0.0
24,mlp,0.983,0.0
24,attention,0.983,0.0
25,attention,0.983,0.0
25,mlp,0.982,0.0
25,attention,0.983,0.0
26,attention,0.114,0.0
26,mlp,0.971,0.0
26,attention,0.933,0.0
27,attention,0.982,0.0
27,mlp,0.983,0.0
27,attention,0.983,0.0
28,attention,0.982,0.0
28,mlp,0.982,0.0
28,attention,0.983,0.0
29,attention,0.983,0.0
29,mlp,0.983,0.0
29,attention,0.983,0.0
30,attention,0.1,1.0
30,mlp,0.1,1.0
30,attention,0.1,1.0
31,attention,0.983,0.0
31,mlp,0.983,0.0
31,attention,0.983,0.0
